Item Code,Case Weight,Cases Shipped,Cases Damaged
000111,37.25,42,0
000220,16.94,664,1
000616,4.5,529,0
000994,17.5,805,0
001042,33.44,67,0
001048,39,3007,0
001052,23.47,375,0
001077,29.2,3563,0
001215,23.5,341,0
001510,8.14,84,0
001511,4.45,88,0
001577,38,2,0
001584,17.4,14,0
001585,22.88,1,0
001587,40,381,0
001621,8.32,104,0
001632,8.5,101,0
001635,20.81,6820,0
001761,21.3,1056,1
001764,17.2,15,0
001779,36,141,0
002107,42,35523,7
002108,12.95,1226,0
002137,43.5,55,0
002299,31,1697,0
002369,11,303,0
002503,11.5,714,0
002505,11,333,0
002508,23.21,25,0
002512,28,126,0
002679,20.25,148,4
002680,20.25,122,1
002681,20.25,122,0
002682,20.25,105,0
002683,20.25,118,0
002684,20.25,144,0
002685,20.25,132,0
002687,20.25,294,1
002854,6.8,7,0
002855,13.8,6,0
002862,11.1,405,0
002869,4.68,157,0
002885,17.8,88,0
002920,36.94,208,0
002978,3.2,3815,1
002980,18.31,7192,0
003006,20,1290,0
003007,17.3,394,0
003039,22.7,3391,0
003040,25.5,271,0
003078,34.34,740,2
003098,8,386,0
003099,10.35,407,0
003138,14.41,70,0
003157,24.9,1,0
003166,4.55,92,0
003169,7.3,1,0
003402,13.07,65,0
003406,31.87,465,0
003470,17.5,1716,0
003600,23.7,25,0
003731,24.82,5,0
003755,21,41,0
003855,16.25,360,0
003868,21.19,573,0
003870,6.6,578,0
003940,4.5,38,0
004002,17.4,366,0
004024,30.94,18,0
004133,16,978,0
004148,31.5,703,0
004218,35.73,7400,0
004280,15.9,211,0
004290,5.24,2312,0
004341,7.06,60,0
004789,24.94,179,0
004904,20.9,129,0
005000,40.4,6,0
005001,37.3,9,0
005082,10.5,13650,19
005177,10,3195,0
005241,23.7,103,1
005270,12.4,102,1
005271,12.8,128,0
005272,12.8,84,0
005273,10.3,54,0
005274,16.3,116,0
005456,27,87,0
005512,24,236,0
005536,34,111,0
005616,9.5,114,0
005617,7.3,138,0
005622,23.5,485,0
005689,32,6173,0
005699,18.5,150,0
005700,20,130,0
005701,24.14,231,0
005703,24.53,12,0
005712,18.58,49,0
005717,36.6,247,0
005724,4.74,17,0
005758,19.6,672,0
005759,8,328,0
005794,11.32,5658,0
005795,13.77,6467,1
005812,5.88,10,0
005813,6.26,63,0
005823,33.5,18,0
005883,26,417,0
005898,28.5,1926,0
005921,25,233,0
005930,26.12,97,0
005931,31.72,206,0
005951,3.5,874,0
005954,3.5,287,0
005956,3.5,3919,0
005957,3.6,1318,0
005958,3.5,2400,0
005959,3.6,2178,0
005961,2.8,1920,0
005963,1.8,151,0
005964,1.7,856,0
005965,3.8,780,0
005966,3,3705,0
005969,1.7,1517,0
005970,1.6,417,0
005971,1.7,271,0
005972,1.6,1894,0
005973,1,213,0
005974,1.7,694,0
005975,1.7,187,0
005976,1.7,293,0
005977,1.6,663,0
005978,1.7,626,0
006025,5.9,852,0
006121,11,1634,1
006215,29,2416,0
006263,22.6,6439,0
006265,17,66,0
006266,21,22,0
006296,23.4,523,0
006297,31.65,1025,0
006318,42,175,0
006329,32,4832,0
006330,32,1683,0
006342,26,1001,0
006343,31.5,437,0
006363,11.5,716,0
006364,12.4,2082,0
006365,13,892,0
006472,11.33,209,0
006475,21.5,38,0
006498,11,45,0
006505,41.5,63,0
006531,22,79,0
006532,22,44,0
006827,43.45,1459,0
007065,26,5248,0
007069,12.6,79,0
007131,20,1,0
007142,34.4,135,0
007278,7,147,0
007312,13.5,73,0
007367,41.75,496,0
007388,3.2,489,0
007430,12.97,42,0
007447,40.9,952,1
007456,8.05,40,0
007535,18,394,0
007537,26,7047,0
007616,24.9,589,0
007672,5,547,0
007673,29.5,424,0
007683,32.4,2160,0
007706,12.7,3484,0
007724,0.06,229,1
007751,32.5,181,0
007769,3.9,477,0
007799,14.72,259,0
007836,13.54,196,0
007904,1.65,121,0
007905,1.15,215,0
008047,9,1287,0
008122,10.2,1752,0
008128,34.4,4,0
008326,7.25,8,0
008327,6.85,8,0
008397,18,693,0
008418,32.06,8445,0
008439,34.4,97,0
008446,32,441,0
008447,32,208,0
008462,7.52,1255,0
008463,26.9,236,0
008465,18.65,286,0
008466,19.4,471,0
008468,23.28,614,0
008469,9.46,781,0
008566,31.82,1129,0
008631,25.5,133,0
008725,16,22,0
008726,24,52,0
008727,11,446,0
008769,0.35,1,0
008814,15.12,27,0
008836,25.5,331,0
008838,27,130,0
008840,6.5,39,0
008880,41.75,13455,0
008881,34.5,497,0
009087,32.4,330,0
009102,29.3,176,0
009157,17.47,313,0
009186,12.4,77,0
009187,23,37,0
009188,18,37,0
009224,32,41,0
009266,23.28,534,0
009267,12.96,462,0
009290,5.6,59,0
009399,25.5,3346,0
009433,17.75,1394,0
009437,37.6,265,0
009453,32.5,13214,0
009553,13.8,110,0
009570,14.4,645,2
009578,23.5,725,0
009698,14.62,19,0
009764,31.5,44,0
009765,5.3,4,0
009808,13.45,630,0
009809,10.6,117,0
009811,7.75,86,0
009812,22.3,151,0
009870,32.5,30,0
009898,21.51,116,0
009972,65,5,0
009988,10,7,0
009989,11,8,0
010123,13,28,0
010207,7.83,4,0
010208,3.7,812,0
010209,5.3,909,0
010210,5.3,2630,0
010229,5.36,22,0
010237,17.5,759,0
010254,36.3,18,0
010358,26.24,927,0
010372,7,545,0
010411,40.5,261,0
010435,42.2,7513,0
010450,24,3612,0
010499,20.9,35,0
010544,40,428,0
010604,27.18,278,0
010605,21.98,197,0
010606,1.05,58,0
010639,19.04,2313,0
010679,21.85,3,0
010748,4.5,618,0
010852,26.5,4,0
010898,21.2,64,0
010914,33.5,52,0
010940,4.62,459,0
010980,24.54,629,0
010995,19.5,7602,0
011066,34.4,778,0
011070,32.6,4,0
011073,7.25,34,0
011082,25,59,0
011088,32.2,7037,1
011093,38.96,387,0
011111,13.1,318,0
011154,25,1246,2
011236,8,108,0
011278,38,406,0
011281,8,9,0
011310,65,3157,0
011311,14.25,1509,0
011312,50.65,301,0
011339,7.15,34,0
011340,20.6,1429,0
011368,8,1373,0
011372,14.2,15353,35
011378,41.4,1271,0
011452,13,3244,0
011465,37.44,2595,0
011466,41.56,277,0
011516,18.4,1434,0
011518,14.4,826,0
011519,18.2,243,0
011521,17.1,431,0
011523,8,1390,0
011526,12.65,1776,0
011577,32.5,-1,0
011642,23.18,855,0
011724,21.37,1776,0
011727,16.81,314,0
011747,22,13,0
011776,35.9,46,0
011797,34.17,40,0
011829,13,164,0
011830,19.5,35,1
011855,12.06,102,0
011856,2.59,5,0
011859,33.25,12243,0
011866,27.3,22,0
011870,25.13,2069,0
011971,10.92,324,0
011991,34.4,2283,0
012020,12.56,512,0
012021,20.81,4,0
012030,12.6,257,0
012037,12.86,111,0
012125,18.35,280,0
012126,11.4,242,0
012256,16,94,0
012257,11,216,0
012276,41,15,0
012287,22,58,0
012332,29.4,1,0
012341,23.89,507,0
012342,4.6,1418,0
012352,38.4,197,0
012437,29.91,751,0
012438,29.91,629,0
012484,40,239,0
012509,38.2,14,0
012510,14.26,388,0
012540,17,138,0
012563,13.2,86,0
012564,9.4,1491,0
012567,18.8,95,0
012568,19.77,127,0
012569,20.65,229,0
012570,18.8,300,0
012572,19.77,539,0
012573,20.65,1578,0
012616,7.5,17,0
012670,26.05,3,0
012702,31.87,461,0
012840,31,3045,0
012852,42,12537,1
012889,36.6,7,0
012890,29.4,91,0
012894,12.7,590,0
012895,13,1445,0
012951,56.2,43637,8
012976,37,14698,4
012983,0.17,767,0
012987,21,688,0
012988,11.5,115,0
013003,13.3,108,0
013087,25.5,5075,1
013118,25.14,171,0
013134,34.4,3862,1
013158,34.01,1317,0
013163,16.7,986,0
013207,46.5,76,0
013244,37,10669,1
013261,3,605,0
013404,11,936,1
013408,18.5,1983,0
013502,31.7,656,0
013503,14,2005,0
013516,12.23,16,0
013546,26,186,0
013572,3.6,291,0
013595,32,177,0
013614,15.4,73,0
013687,1.39,275,0
013702,0.65,124,0
013703,0.65,110,0
013718,31,84,0
013753,32.55,7941,7
013773,45.88,1308,0
013774,43.79,779,0
013776,25,92,0
013795,41.75,1017,0
013809,37,986,0
013818,21.46,1338,0
013819,21.6,13951,0
013820,21.3,10293,0
013822,6,1156,0
013823,9.6,991,0
013838,18.42,1267,0
013839,14.39,2792,0
013854,24,239,0
013855,23,108,0
013856,9,88,0
013857,35,433,0
013953,17,1279,0
013954,34,1064,0
013960,46,3147,0
013987,26.6,179,0
014085,41.5,503,0
014171,13,319,0
014240,32,4670,0
014292,19.43,1882,0
014321,33.34,2983,0
014322,12,94,0
014375,33.5,908,0
014376,33.5,4844,0
014389,31.8,2382,1
014394,41.5,4076,0
014450,19.6,3706,7
014486,33.6,349,0
014516,35.28,16246,1
014517,32.32,7073,0
014518,32.06,713,0
014527,15.7,2474,0
014562,13,48,0
014575,21,58,0
014582,34,661,0
014585,17,5,0
014598,16.36,363,0
014605,32,101,0
014619,12.5,22,0
014648,29.13,3344,2
014649,60,217,0
014650,40,532,0
014654,22,2897,0
014665,34.4,1259,0
014667,20.5,400,0
014668,20.5,737,0
014669,5.25,2739,0
014670,10.25,2716,1
014718,28,1011,0
014719,33,368,0
014860,14.24,236,1
014883,6,162,0
014884,35.79,429,0
014896,17.07,2604,0
014906,14.74,1151,0
014907,14.74,426,0
014938,14.1,7356,36
014972,33.6,320,0
015000,16.25,10047,0
015062,5.15,43,0
015064,11,2065,1
015065,19,1132,0
015066,9,60,0
015067,22,1598,0
015068,6,362,0
015070,36,1280,0
015253,17.5,1920,0
015258,40.4,1186,15
015262,36,1125,1
015265,49,2237,0
015266,27,2768,0
015268,19.05,991,0
015269,26.75,1611,0
015270,28.8,1620,0
015272,41.72,2600,0
015277,14.8,1250,0
015278,4.47,223,0
015303,12.57,372,0
015309,22,2407,0
015312,11.39,472,0
015313,8.76,841,0
015314,13.34,28,0
015318,25,1933,0
015327,17.39,785,0
015330,9,1349,0
015355,11.2,334,0
015357,11.6,1151,0
015369,9.01,2351,0
015391,21.84,1889,0
015392,19.95,2546,0
015393,28.5,1870,0
015394,14.33,2146,0
015442,34.5,2165,0
015455,19.46,711,0
015482,11,11,0
015543,10.7,1134,0
015544,10.6,2184,0
015545,9.92,5398,0
015551,15.3,19,0
015612,20.66,711,0
015645,12.5,1053,0
015646,18.6,646,0
015649,35,0,0
015693,7.1,21,0
015694,50.2,125,0
015803,18.6,114,0
015816,39,582,0
015820,20.75,1375,0
015837,31.65,5947,0
015840,26.31,942,0
015841,18.6,1085,0
015848,5.15,103,0
015849,8.59,117,0
015874,13,1928,0
015875,23.2,1182,0
015878,22.6,4,0
015898,12.19,283,0
015899,12.7,53,0
015900,12.4,238,0
015901,12.67,101,0
015937,9.9,202,0
015973,16,2007,0
015974,6.6,982,0
015985,6.39,395,0
016037,32.04,113,0
016075,29,2,0
016077,21,1000,1
016144,12.37,219,0
016173,6.29,220,0
016215,44.48,12,0
016308,12.52,1707,0
016339,23,1612,0
016355,26.4,1,0
016359,21,860,0
016389,17.45,809,0
016396,25.5,5858,2
016454,13.06,1471,0
016455,5.5,449,0
016456,5.3,1720,0
016516,27.42,2529,0
016585,37.3,2405,0
016587,20.9,79,0
016601,8.71,191,0
016602,5.81,29,0
016603,5.81,140,0
016604,12.81,399,0
016605,10.75,1,0
016621,48.35,3791,0
016776,42.89,-1,0
016808,5.69,370,0
016810,3.07,195,0
016813,7.94,162,0
016842,10.85,81,0
016881,26,1,0
016882,43.93,9751,0
016902,5.67,154,0
016941,25.89,43,0
016946,46.42,3872,0
017007,19.75,377,0
017009,8.11,74,0
017021,33.83,5671,0
017043,10.03,1731,0
017071,16,51,0
017072,31.5,21,0
017130,3,321,0
017379,31,1493,0
017466,16.99,293,0
017480,13,0,0
017497,10.8,18,0
017517,8.8,134,0
017518,16,145,0
017528,24.8,3422,0
017556,11,519,1
017625,9.39,70,0
017629,6.19,68,0
017641,10.8,11,0
017768,10.28,129,0
017874,33,412,0
017875,18,71,0
017881,25.5,64,1
017887,7.55,912,0
017890,39.03,583,3
017900,21,7,0
017905,6.84,79,0
017935,16.27,3196,1
017954,37.88,151,0
017969,16,155,1
017970,16,65,0
017971,16,183,1
017999,27.3,12,0
018000,29.7,53,0
018001,40.3,222,0
018002,45,20,0
018003,27.6,6,0
018004,40.3,4,0
018005,10.75,120,0
018007,16.13,4348,0
018018,36.04,1197,1
018048,32,2,0
018049,20,56,0
018053,15.2,40,0
018054,13.5,1879,0
018096,42,2196,0
018119,31.75,418,0
018143,11,67,0
018196,20.15,257,0
018225,15,316,0
018237,51.3,287,0
018238,51.3,421,0
018309,1.09,15,0
018369,9.55,51,0
018370,9.55,81,0
018371,9.55,115,0
018512,24.7,1439,0
018513,24.7,1275,0
018523,11,807,0
018599,12,696,0
018601,27.81,2,0
018617,21,50,0
018624,42,107,0
018625,14.1,41,0
018626,13.5,60,0
018627,14.1,22,0
018628,8.05,56,0
018629,11,23,0
018630,5.2,129,0
018631,7.6,36,0
018632,17,47,0
018633,24,35,0
018634,38.1,77,0
018647,10.5,1587,1
018662,1,66,1
018664,14.75,2537,0
018665,15.05,4259,1
018788,11,366,0
018789,21,4972,1
018834,13.29,198,0
018879,5.6,8,0
018924,23,2423,0
018928,21,57,0
019014,14.7,415,0
019039,18.7,26,0
019040,22.87,364,0
019074,17.39,980,0
019173,31.5,479,0
019198,1.69,65,0
019200,7.4,39,0
019202,5.11,1,0
019203,6.7,21,0
019205,14.67,2860,0
019208,31.7,2004,0
019209,29.36,7850,0
019210,27.65,9692,0
019211,16.27,300,0
019213,42.22,1080,0
019223,8,115,0
019261,50,100,0
019328,19.63,469,0
019357,21.94,90,0
019375,5.8,224,0
019517,21.36,2788,0
019518,33,1772,0
019519,21,2056,0
019520,33.9,473,0
019536,15,2850,0
019540,10.79,17,0
019541,41.5,11839,0
019556,47.76,2054,0
019561,42.95,41,0
019562,3,824,0
019607,44.5,879,0
019611,23,531,0
019679,6.55,15,0
019680,15.67,2499,0
019681,15.67,1007,0
019682,15.67,1811,0
019683,15.67,1225,0
019701,35.37,70,2
019731,41.59,179,0
019732,41.59,142,0
019770,37.4,1225,0
019781,23.66,104,0
019784,26.1,28,0
019789,9.3,0,0
019799,36,2448,0
019814,10.56,37,0
019815,12,85,0
019840,6,76,0
019942,10.8,2928,0
019945,19.5,12083,0
019946,33.3,904,0
020006,11,1445,0
020007,22,975,0
020008,25,602,0
020038,41.27,5643,0
020066,33,14,0
020067,33,93,0
020068,33,167,0
020069,33,62,0
020075,18.36,77,0
020076,20.9,17,0
020097,25.5,2100,0
020098,29.5,11221,3
020186,34.32,6500,0
020241,34,2644,0
020334,16,66,0
020350,9.48,202,0
020351,9.92,407,0
020352,10.36,370,0
020353,10.8,93,0
020355,9.92,342,0
020356,10.36,251,0
020359,4.05,218,0
020360,5.51,49,0
020362,15.2,327,0
020367,11,41,0
020380,50.5,329,0
020381,50.5,500,0
020390,34,2254,0
020441,40.3,1288,4
020448,11,224,0
020472,22,5082,0
020478,21,204,0
020480,35.4,664,1
020483,14,24,0
020484,42,94,0
020487,8,876,0
020510,40.43,2408,0
020511,35.88,474,3
020512,35.94,697,0
020513,9.02,842,0
020525,23,17,0
020599,7.18,167,0
020600,4.96,795,0
020601,4.96,121,0
020603,17.5,260,0
020649,12,1114,0
020697,29.04,128,0
020707,12,47,0
020735,12,1318,0
020751,31.36,4743,0
020757,19.25,1475,0
020776,74,30,0
020777,6,80,0
020778,11,62,0
020779,11.5,439,0
020780,12.25,414,0
020781,11.5,35,0
020782,11,16,0
020783,11,95,0
020786,32,74,0
020904,8.5,31,0
020905,32,194,0
020906,7.75,957,0
020907,9.25,13396,0
020908,25.8,684,0
020910,12.7,1524,0
020912,16,4239,0
020914,11,1800,0
020915,26,1071,0
020949,7,898,0
020967,16.62,453,0
020968,12.71,164,0
020977,18.65,1294,0
020995,34,285,0
020996,35.6,59,0
020999,9.7,314,0
021000,3.8,210,0
021001,6,87,0
021002,6,5,0
021009,9.25,393,0
021013,15.5,216,0
021014,19.43,146,0
021016,20,739,0
021047,27,124,0
021063,12.61,139,0
021071,33,312,0
021104,2.9,198,0
021130,31,2483,0
021152,25.25,306,0
021159,12.25,375,0
021189,26.2,108,0
021204,32.84,69,0
021232,20.75,567,3
021254,22,451,0
021257,38.7,199,0
021261,8.04,55,0
021263,0.28,122,0
021264,0.28,165,0
021269,16,34,0
021270,5.7,140,0
021271,6.75,27,0
021272,15,34,0
021273,10,156,0
021274,2.5,17,0
021275,4,20,0
021278,13,184,0
021337,31,2465,0
021353,19,98,0
021577,10.6,78,0
021588,34.38,1123,0
021589,49.07,1189,0
021592,14.8,1052,0
021646,5.5,12,0
021681,6.51,260,0
021682,9.35,153,0
021683,4,12,0
021684,8.8,130,0
021685,9.83,5015,0
021686,12.23,662,0
021687,7.26,5670,0
021688,17.83,2144,0
021697,36,53,0
021701,17,1267,1
021704,50.3,1726,2
021714,21,10212,0
021715,38.6,216,0
021833,36,401,0
021836,25.27,1318,0
021839,51,115,0
021840,39.5,2453,0
021842,10.38,1422,0
021879,41,177,0
021909,5.68,1304,1
021910,11.1,470,0
021911,11.5,324,0
021912,11,409,0
021915,8.99,1667,0
021916,10,0,0
021917,18.76,88,0
021923,6.87,161,0
021931,46.7,676,0
021934,17.56,1341,0
021955,7.77,1038,0
021956,4.08,121,0
021988,32,436,0
021998,39,958,0
021999,7,684,0
022023,38.58,13130,0
022041,11.79,874,0
022042,10.8,216,0
022043,6.62,405,0
022044,31,2137,0
022045,13,3922,0
022112,32,215,0
022167,12.6,11,0
022168,12.6,3,0
022208,36.58,1016,0
022209,35.25,1376,1
022210,38.38,320,0
022211,38.19,1418,0
022212,10.5,360,0
022213,35.83,502,0
022302,17,2271,0
022303,3,687,0
022334,13.3,213,0
022397,24.3,30,0
022407,16,646,0
022415,17,700,0
022454,1,0,0
022455,46,684,0
022460,60,328,0
022560,11.03,12,0
022561,8,333,1
022577,26.2,19714,0
022681,43,357,3
022731,30,40,0
022751,29,7,0
022754,29,6,0
022768,16,150,0
022772,1,0,0
022773,28,123,0
022774,1,0,0
022806,4.3,71,0
022847,37.39,1266,0
022860,11.5,269,0
022861,4,192,0
022862,2,172,0
022863,6.4,69,0
022952,40.4,907,0
023011,27.75,23,0
023017,25.95,1035,0
023028,2.01,432,0
023063,31.5,170,0
023132,41.75,11433,0
023229,25,2269,0
023233,15.02,806,0
023234,21.1,344,0
023302,11.15,221,0
023312,40,30894,3
023313,23.95,4,0
023351,9.6,3427,0
023472,15.1,4,0
023517,23,148,0
023533,21,459,2
023535,1.92,282,1
023540,23.04,892,0
023572,17.45,999,0
023575,23.5,6208,0
023581,13.69,66,0
023594,20.75,1730,0
023621,6,692,0
023624,3.32,226,0
023638,18.5,313,0
023639,21.74,1517,0
023650,29.49,230,1
023651,33.6,551,0
023652,37,538,0
023653,31,128,0
023654,24.5,565,0
023655,32.5,643,0
023656,28,230,0
023667,31.7,166,0
023668,33.9,2768,6
023669,44.36,493,0
023670,26.81,9,0
023671,55.56,2607,0
023672,44.01,1215,1
023673,55.53,1148,5
023674,26.64,1,0
023676,26,860,1
023677,5.56,28,0
023678,53.6,847,0
023679,58.1,1255,0
023680,11.29,32,0
023681,37,57,0
023682,39.9,407,0
023683,14.08,31,0
023684,27.2,261,0
023685,22.7,75,1
023686,37,314,0
023687,9.46,43,0
023689,25.34,635,0
023692,3.1,37,0
023693,9.97,229,0
023694,14.11,25,0
023695,5.47,179,0
023696,3.2,9,0
023697,12.58,479,0
023698,9.91,195,0
023699,22.6,15,0
023708,19.1,2472,0
023714,30,2505,5
023723,4.28,8,0
023767,6.17,317,0
023776,9.91,26,0
023821,15.67,669,0
023875,48,6,0
023884,1.1,0,0
023885,29.5,378,0
023886,1.04,0,0
024001,32,225,0
024021,18.25,457,0
024049,17.7,87,0
024050,17.4,48,0
024051,17.9,73,0
024052,17.9,33,0
024053,25,29,0
024070,33.55,145,1
024071,29.5,150,4
024078,10,69,0
024086,24.1,200,3
024090,7.3,11,0
024091,1.35,637,0
024092,29.8,281,0
024093,9.39,80,0
024148,10,0,0
024149,41.5,1358,1
024150,41.5,4218,1
024151,23,166,0
024155,18.25,3141,0
024165,25,131,0
024174,41.22,1404,0
024212,19,157,0
024213,13,10,0
024219,19.2,41,0
024268,10,1510,1
024288,4.5,8139,4
024289,43,274,0
024358,2.62,12,0
024359,31.87,332,0
024360,17.75,1211,0
024454,1,223,0
024472,34.75,629,0
024495,43,142,0
024500,9.6,5,0
024510,42.4,60,0
024511,11,3022,0
024512,31.42,14,0
024519,33.4,685,0
024527,10,1117,0
024555,16.75,88,0
024568,24.15,81,1
024570,9.3,2366,0
024571,6.4,25,0
024573,24.8,38,0
024574,8.99,2197,0
024577,17.13,8,0
024578,21,19,0
024579,11,3353,0
024580,27.86,0,0
024582,33,2,0
024583,9.25,3808,0
024584,24.54,373,0
024586,6.5,284,0
024587,12.98,15,0
024636,16.1,33,0
024638,12,107,0
024651,7.72,10,0
024665,33.5,3370,0
024678,27.79,1130,1
024686,12.84,5295,0
024725,18.57,974,2
024726,7.91,497,0
024771,30,2,0
024789,17.75,45,0
024803,21,587,0
024804,25.72,510,0
024861,34,1260,0
024878,34,13151,2
024895,24,158,0
024917,0.25,1,0
024938,10.38,25,0
024942,22.2,1,0
024946,21.93,4,0
024947,35.02,235,0
024953,33.5,30,0
024958,31.5,1826,1
024975,7.5,262,0
024987,44.4,563,0
024997,12.64,2456,0
024998,12.93,5284,0
025031,39.05,2315,2
025032,42,592,1
025033,19.76,2108,0
025036,6,38,0
025047,10.56,15,0
025055,15,328,0
025056,12.5,74,0
025057,12.5,260,0
025059,39.55,514,0
025093,3.37,973,0
025137,27.72,604,0
025156,44,1047,0
025161,35.42,550,0
025181,20.1,622,0
025182,21.33,869,0
025240,33.33,56,0
025243,19,965,0
025263,22.68,1105,0
025264,10.5,128,0
025328,31.8,411,0
025407,15,5,0
025408,37.1,56,0
025429,10.1,150,0
025497,31,4919,0
025539,23.7,1,0
025556,27.5,5203,2
025557,16,330,0
025564,47.76,100,0
025567,21.52,205,0
025568,17.13,1,0
025569,17.31,18,0
025570,21.39,43,0
025571,17.55,13,0
025585,31,435,0
025597,22,1416,1
025602,9.22,11,0
025624,16,11,0
025626,8.8,45,0
025627,5.51,32,0
025628,5.5,444,0
025629,4.84,8,0
025630,26,61,0
025691,12.5,80,0
025692,9.3,104,0
025769,21,225,0
025770,21,5,0
025771,29,121,0
025830,28,2451,20
025850,13.13,1364,1
025876,9.3,120,0
025885,41,978,0
025909,22,1805,0
025969,13.13,1289,0
025970,8.59,488,0
025972,29,118,0
026025,20,7,0
026031,25,195,0
026032,22.3,40,0
026044,18.5,8,0
026083,38.6,8542,0
026085,22,742,0
026094,29.48,360,0
026100,13.61,324,0
026127,13.49,210,0
026137,41.31,993,0
026142,33.13,1150,0
026144,51,6494,0
026154,42,535,0
026172,36,1,0
026173,36,54,0
026174,36,18,0
026175,45,22,0
026176,15,108,0
026177,36,45,0
026178,36,12,0
026179,35,49,0
026180,36,86,0
026181,17.2,6,0
026182,13,32,0
026183,19,40,0
026184,17,36,0
026185,35.8,57,0
026186,36,86,0
026187,36,17,0
026188,36,29,0
026189,41.3,2440,0
026223,34,2743,1
026224,16.5,1757,0
026234,17.55,25,0
026246,17.61,689,0
026250,38.65,360,0
026251,8.5,734,0
026261,24.15,9976,0
026264,9.37,277,0
026267,8.04,264,0
026268,10.91,154,0
026269,9.81,133,0
026270,9.92,349,0
026271,10.03,295,0
026272,48.6,764,0
026280,7,176,0
026281,31,97,0
026285,30.7,163,0
026292,35,261,0
026302,21,170,0
026303,21,34,0
026304,11,858,1
026327,23,85,0
026329,7.8,13,0
026349,23.5,104,0
026350,33.8,36,0
026351,9.7,40,0
026352,35,142,0
026388,5.4,26,0
026412,13.43,128,0
026431,24.54,6,0
026432,21,11,0
026468,19.44,2037,0
026484,8,42,0
026485,13.05,49,0
026486,24,24,0
026492,1.02,0,0
026493,60.65,278,0
026506,1.06,0,0
026507,48.76,258,0
026529,28,537,0
026530,25,2839,0
026543,41.75,104,0
026545,33,11,0
026546,17,38,0
026547,33,39,0
026548,4.45,34,0
026549,26,22,0
026550,26,54,0
026586,1.8,95,0
026594,17,70,0
026602,11.91,26,0
026628,11,17,0
026708,12.5,69,0
026711,17.39,85,0
026786,31.5,26,0
026795,31.68,683,0
026842,22.68,125,0
026847,32,954,0
026852,12,19,0
026891,26,21,0
026892,16,14,0
026893,16,14,0
026897,4.96,6,0
026949,21,116,0
026950,21,34,0
027168,34,6518,1
027246,29.6,28,0
027247,7,19,0
027289,23.68,16,0
027291,31.25,109,0
027292,29.25,1035,0
027293,28.25,1047,0
027313,34.24,18,0
027315,17.41,5,0
027330,42,1902,0
027376,20,1,0
027553,28.6,115,0
027554,8.7,42,0
027598,8.16,18,0
027796,21.75,60,0
048026,12.8,2907,5
090051,34.6,99,1
091004,38,20,0
091640,48.05,43,0
092125,26.98,307,2
092138,33.34,333,1
092149,16.76,48,0
092160,17.1,177,0
093100,10.8,46,0
094212,33.2,440,2
094217,33.2,323,0
099310,13.75,67,0
099422,21.87,746,1
099962,14.52,76,0
100129,31,7494,0
106789,11,104,0
107679,10.73,75,0
113800,31.82,1124,0
131400,11.4,1698,1
140004,11,18,0
140683,7.5,161,0
140690,11,214,0
140783,16.25,138,0
147460,31.25,323,0
147470,31.15,1527,0
147627,25.25,428,0
147690,39.5,79,0
148047,14,32,0
148065,5,49,0
148070,6.5,72,0
148098,32,393,0
148101,30,116,0
148132,33,34,0
148133,23.6,41,0
148135,22,15,0
148136,22,716,0
148137,39,510,0
148146,10,21,0
148156,25.72,1874,0
148166,15,503,0
148170,9,23,0
148171,13.5,36,0
148196,41.5,4304,0
148197,41.5,10579,3
148198,37.5,3064,0
148232,6.6,41,0
148233,21,91,0
148236,33.6,114,0
148238,33.2,185,0
148248,8.79,478,0
148249,23.6,952,0
148250,32.92,203,0
148251,18.2,0,0
148255,12.75,373,0
148256,26.25,241,0
148257,15.2,4835,0
148258,26.3,2458,0
148261,1.9,331,0
148263,6.78,107,0
148264,24.69,52,0
148266,6.73,594,0
148269,19.74,151,0
148280,5.02,944,0
148321,14.5,27,0
148336,10.2,233,0
148340,41.5,134,0
148356,1,54,1
148357,0.5,115,0
148359,1,452,0
148360,1,156,0
148363,19,91,0
148364,14.6,8,0
148365,40.35,300,0
148366,18.88,1,0
148367,27.82,271,0
148370,7.84,67,0
148371,20.22,178,2
148372,11.09,29,0
148374,9,31,0
148391,19.2,756,0
148407,6.62,24,0
148418,42,5315,0
148429,6.11,194,0
148430,8.89,201,0
148432,10.02,75,0
148433,8.8,329,0
148434,8.15,92,0
148435,25.4,9949,7
148443,33.53,600,0
148444,33.53,1507,1
148454,21.33,2683,0
148456,9.42,481,0
148457,9.42,221,0
148461,15.15,154,2
148463,21.4,2180,0
148464,51,2135,1
148466,21,1795,0
148474,15.5,7,0
148480,25.5,1439,0
148496,30,762,1
148500,24,1666,0
148506,2.3,546,0
148508,25,248,0
148517,22.6,255,0
148525,16,109,0
148535,34.4,230,0
148540,11,152,0
148553,13.05,2175,0
148555,4,1872,0
148558,5.1,594,0
148565,20.35,1841,0
148573,17.41,210,0
148575,17.41,317,0
148578,17.41,492,0
148581,3.67,548,0
148585,12.42,426,0
148587,19,240,0
148590,11.5,261,0
148591,8,231,0
148592,18,122,0
148597,15.1,24,0
148598,10.5,341,1
148599,8.6,11,0
148600,6.6,309,0
148602,8.5,49,0
148604,4.68,47,0
148607,9.59,1218,0
148608,7.66,1119,0
148609,10.9,374,0
148611,18.21,713,0
148612,12.8,22,0
148613,5,28,0
148614,20.75,953,0
148615,7,136,0
148617,9.9,18,1
148627,21.14,121,0
148637,35,105,0
148640,13,1,0
148642,11,64,0
148647,41.5,4082,0
148648,15.5,159,0
148649,10.91,1460,0
148652,24,990,0
150511,17.02,2873,0
160405,10.45,80,0
170422,22,185,0
170799,22.31,61,0
171341,15.89,16,0
171507,22,209,0
171652,12,3672,1
171810,16.14,33,0
175140,22.35,209,0
176105,13.78,109,0
178021,22.2,98,1
179025,31.38,49,0
181258,16.4,1269,0
184002,38.5,16,0
184007,31.99,17,0
184850,38.5,41243,10
184856,38.5,19,0
184876,16.28,10742,4
190760,26,1,0
190850,14,147,0
190890,13.32,44,0
200111,19.78,46,0
200518,46,15,0
210031,37.13,28,0
210240,20.43,483,0
210241,20.43,33,0
210691,43.5,47,0
210878,19.07,104,0
210910,35.4,69,0
210921,35.4,487,0
211240,20.4,148,0
211636,25,55,0
211637,25,514,0
214977,1.17,111,0
215003,43.2,33,0
215063,29.5,51,0
215075,28.4,329,0
220025,25,123,1
220160,47.5,242,0
225094,20.7,12,0
225220,48,20,0
225605,42.75,638,1
225644,44.25,234,0
225649,42.93,37,0
227502,32.55,53,0
240101,12.5,1254,1
240105,10.4,20,0
240106,10.4,14,0
240121,10.3,178,0
241095,21.96,518,0
241104,27.52,597,0
242002,41.8,3599,0
242003,52.55,3657,0
242004,51.7,2316,0
242008,49.75,1215,0
242011,52,1120,0
242013,51.9,5394,0
242014,51.35,3508,0
242015,54.85,197,0
242017,32,756,0
242029,43.88,408,0
242031,22.02,42,0
242052,54.2,3758,0
242053,54.15,409,0
242054,43.8,2277,0
242056,43.8,87,0
242058,55.56,6114,0
242059,44.01,2094,0
242297,55.35,578,0
242298,55,158,0
242738,55.42,1423,0
242740,53.37,148,0
242872,55.53,2042,0
242875,53.9,1497,0
242876,27.03,92,0
242877,22.06,2,0
242881,26.35,24,0
243579,52,1324,0
243829,44.36,687,0
243830,53.63,1858,0
243832,54.19,54,0
243840,22.02,70,0
246065,12.71,424,0
246109,40.6,261,0
246121,29.53,635,0
246424,36.37,209,0
254011,20.79,27,0
254220,38.75,438,0
256788,38,70,0
275562,20,54,0
275654,45.95,88,0
276210,42.19,9,0
291456,24,79,0
299697,24.5,335,2
300371,13.62,2361,0
301745,35.5,79,0
302651,4.4,52,0
303344,32.25,1,0
304015,8.5,322,2
304018,20,1559,2
304020,18.36,72,0
304025,14.62,1134,6
304139,14.5,36,0
304140,20,304,0
304201,41.24,9802,1
304430,48,42,0
304485,44.9,148,1
304495,48,736,0
304601,14.56,356,0
304625,8.63,25,0
304637,19.78,96,0
304647,10.71,816,0
304760,42.1,219,1
304802,46.5,138,0
304828,32,215,0
304945,8.5,174,0
304947,9.5,159,0
304948,7,110,0
304950,18,120,2
304973,16.52,21,0
304974,8.78,31,1
304978,31,21,0
305041,25,111,0
305050,17.15,32,0
305062,37,99,0
305300,27.68,13,0
305420,37,32,0
305605,36.5,126,0
305845,37,5,0
305847,36.25,104,0
305860,53.5,1296,0
306245,4.5,442,1
306372,21.6,643,0
306439,6,369,0
306440,6,109,0
306458,7.25,113,0
306847,13.99,70,0
306887,4.6,170,0
307722,5.9,44,0
307726,6.08,139,0
312100,1.72,14,0
312101,1.72,15,0
312102,1.72,14,0
312103,1.72,15,0
312338,8.75,561,0
312390,1.77,7,0
312550,9,6,0
314219,17.32,140,0
314398,19.9,8,0
320304,9.3,212,0
320305,9.2,135,2
320580,5.75,847,0
320650,11.25,520,1
320755,7.01,1696,0
323750,8.6,300,0
324350,3.5,1,0
326315,27.3,27,0
326317,11.33,1041,0
328125,6.5,15,0
328804,7.5,67,0
330223,22.28,1371,1
330228,22.42,4626,0
330230,31,4665,2
331120,46,91,0
331121,26,17,0
331124,25.5,969,5
331515,25.5,120,2
340162,50.5,4652,3
340609,50.5,707,0
340611,43.85,649,0
340657,39.8,718,0
340660,40.3,3310,1
341165,2.15,72,0
341770,21.65,44,0
342180,14.8,8,0
345025,8.08,16,0
345027,17.75,186,0
345028,16.91,16,0
345123,7.66,142,0
345425,16.42,30,0
345538,3.26,35,0
345630,16.91,1,0
345830,22,14,0
349757,7.5,6,0
350753,2.31,2,0
370658,36.75,76,0
370863,36.75,309,0
375522,36.7,2216,0
380150,25.3,58,0
380170,25.3,69,0
380420,50.5,663,1
380424,25.3,548,0
380910,26,344,0
381231,40.6,1190,2
381232,51,13,0
381243,51,163,0
381255,26,63,2
382115,33,685,0
383116,31.4,12,0
383400,31.5,244,0
384618,30,99,0
385753,25.5,170,1
386406,24.8,112,0
389171,11.2,28,0
389217,26.3,23,0
389710,26,19,0
389741,27,119,0
389808,11,0,0
390725,51.4,24,0
390728,62,6,0
400403,15.3,350,0
405175,3.5,635,0
405192,4.8,6,0
405202,6,458,0
405205,8.6,13,0
405216,4.9,1839,0
405220,5,177,0
408215,19.8,19,0
408216,10.5,1245,0
408219,12.75,64,0
408316,12.1,18,0
408317,8.22,1132,0
408326,8.2,1044,0
408327,11.25,755,0
408329,12.9,645,0
408330,12.9,1532,0
408331,20.5,1039,0
408332,20.5,560,0
410171,12.35,1010,0
413402,23.1,642,0
455211,5.64,3,0
455518,7.2,4048,0
457407,5.2,12,0
460401,21,68,0
463064,9,9,0
463846,40,1894,0
467804,11.8,76,0
467883,5.88,16,0
467884,8.28,993,0
474752,13.17,137,0
475122,8,16,0
475125,10.6,622,0
475300,4.8,657,0
475320,5.6,24,0
475330,6.9,4,0
476149,25.85,147,0
476455,24.3,899,0
477252,10.4,348,0
478101,10.32,500,0
478170,6.87,2738,0
481261,5.8,169,0
482307,8.2,176,0
483715,5,340,0
484511,5.15,195,0
485306,18.52,993,0
485308,11,256,0
489750,5,3,0
489752,5,4,0
489754,5,3,0
489756,5.5,3,0
490032,49,138,0
490041,33,5,0
490063,1,4,0
490088,25.75,6,0
490338,0.4,50,0
490817,25,10,0
490819,26,301,0
504616,2.5,380,0
507378,4.62,48,0
530161,3.7,58,0
530171,7.15,7,0
530200,0.2,35,0
531209,5,106,0
531212,3,17,0
531214,18.3,24,0
539270,24.5,39,0
550107,6.69,271,0
550118,4,263,0
552217,1.67,102,0
552255,1.84,441,0
552256,0.7,811,0
553216,1.6,371,0
563184,10.5,39,0
563541,0.67,19,0
601605,20.7,340,0
601607,19.04,11,0
602608,17.57,5,0
604206,26.83,658,0
605133,16.98,25,0
613000,15.35,2193,0
613051,23.23,1088,0
613058,38.7,17,0
614517,32.2,11,0
615012,29.37,234,0
615019,37.5,979,0
615024,28.59,1995,0
615111,28.82,83,0
615502,24,2,0
615509,2.92,5,0
615512,9.5,2,0
630602,17,30,0
631117,38,240,0
631119,47,139,0
631121,44,33,0
631122,32,13,0
631123,35,64,0
631125,32,85,0
631128,8,0,0
631136,37.76,153,0
632039,23.3,16,0
632065,37,31,0
632080,24,9,0
632081,36,1,0
632351,44.9,51,0
632352,36.3,14,0
632415,17,7,0
632553,7.5,19,0
632556,12.11,71,0
632605,3.96,91,0
632608,2.04,65,0
632896,10.5,30,0
632899,40.8,313,1
632902,40.97,64,0
632903,27.1,58,0
632904,22.7,97,0
632910,4.49,4,0
632912,54,5,0
632917,36.5,155,0
632918,11.88,8,0
632930,22,559,0
632937,37,519,0
632943,17.7,85,0
632964,36.4,62,0
632966,37.8,414,0
632967,36.4,217,0
632969,15.5,164,0
632974,12.1,938,1
632982,14.81,25,0
633752,41.3,-1,0
633759,51.3,1884,0
633761,38.29,3,0
636321,56.2,36,0
636421,17.3,112,0
636423,13.9,55,0
637101,6.3,106,0
637102,12.58,89,0
637103,5.47,431,0
637104,29,481,0
637267,36.7,10,0
637709,40.6,61,0
637771,5.95,219,0
637849,22.6,38,0
637852,22.5,297,0
637854,36.5,51,0
637859,38.5,76,0
637862,3.56,37,0
637863,5.1,46,0
639363,40.5,1930,0
639807,19.5,428,0
639861,3.45,240,0
640122,23.7,1236,0
641367,2.5,27,0
649801,0.4,18,0
649802,0.4,23,0
649808,0.65,53,0
649809,1.6,6,0
651307,8,5,0
655203,11.88,15,0
659307,1,17,0
659308,5,253,0
690478,1,50,0
690479,1.25,97,0
706805,13.66,366,0
720086,0.45,15,0
839058,31.5,1,0
900006,21.4,8637,0
900025,39.2,207,0
900064,35,214,0
900069,36,290,1
900112,36.95,8,0
900132,50.5,846,3
900134,26.5,578,3
900140,17.7,332,0
900142,6.84,201,0
900149,3.42,50,0
900150,2.74,3,0
900151,4.42,49,0
900152,4.5,39,0
900159,4.5,1,0
900162,3.42,36,0
900166,3.42,57,0
900169,4.42,50,0
900187,4.5,42,0
900208,21.5,120,0
900286,25.36,23,0
900316,16.5,566,0
900370,15.45,502,0
900376,28,39,0
900377,46.8,90,0
900383,17.85,77,0
900387,6.5,603,0
900388,9.5,1355,0
900432,0.25,1,0
900433,0.2,1,0
900434,0.25,0,0
900437,0.25,1,0
900450,20.55,44,0
900451,44,145,0
900483,5.65,355,0
900491,1.12,13,0
900502,10.5,313,0
900524,15,99,0
900525,1,121,0
900570,0.83,3,0
900571,0.83,4,0
900572,0.83,5,0
900573,0.83,3,0
900574,0.83,3,0
900575,0.83,4,0
900576,0.83,6,0
900639,20.81,128,0
900652,4.9,88,0
900654,4,14,0
900658,9.81,28,0
900659,4,30,0
900668,5.42,719,1
900688,12.1,67,0
900708,36.7,3,0
900717,15,40,0
900758,22.71,19,0
900759,20.61,376,0
900788,40.12,83,0
900847,10.4,25,0
900855,6.1,24,0
900867,6.29,38,0
900872,14.81,1513,0
900874,21,17,0
900880,10.71,136,0
900903,24.2,28,0
900904,21.2,43,0
900953,21.3,1874,0
900957,22.3,1782,0
900966,6.05,431,0
900971,25.7,314,0
901047,26.2,80,0
901052,33.52,643,0
901055,13,139,1
901073,41.7,3765,0
901147,24.05,410,0
901183,8.25,220,0
901186,20,11,0
901197,20.42,1693,0
901242,5.6,136,0
901243,3.45,123,0
901247,25,136,0
901264,53.85,3497,0
901275,14.09,273,0
901322,21.5,219,0
901412,1.38,319,0
901414,42.2,459,0
901427,9.75,118,0
901630,4.38,118,0
901860,41.35,2693,0
901917,46,343,2
901937,28.84,323,0
901957,25.9,1722,0
902021,31.3,379,0
902022,16,467,0
902023,7.5,85,0
902039,2.08,24,0
902068,13.75,740,0
902360,26,327,0
902542,0.1,40,0
902543,12.5,62,0
902544,12.5,49,0
902547,13.46,1,0
902548,13.46,11,0
902550,12.4,226,0
902553,12.4,28,1
902586,6.5,124,0
902587,5.5,9,0
902588,6.5,79,0
902589,31,89,0
902599,15,38,0
902601,6.5,198,0
902602,5.5,9,0
902700,13.6,96,0
902701,13.2,232,0
902702,11,66,0
903031,19.07,298,0
903046,33.5,14536,1
903062,38.5,106,0
903085,3.74,25,0
903086,3.3,1318,0
903087,5.51,112,0
903088,5.51,751,0
903123,30.97,1075,0
903140,61.17,1160,0
903149,0.3,22,0
903171,19,667,1
903217,24,73,0
903228,13,259,0
903248,36.55,2348,1
903504,38.17,2117,0
903505,35.7,3376,0
903567,15.35,1139,0
903582,6,671,0
903584,13.8,4351,3
903681,9.2,3,0
903684,26.1,70,0
903705,6.55,37,0
903760,17.94,177,0
904007,43.35,1042,0
904023,4.75,496,0
904038,28.2,106,0
904061,7.4,648,0
904095,36.9,5,0
904108,6,855,0
904318,34.4,1769,0
904517,12.5,583,0
904589,39.25,16,0
904622,6.2,262,0
904645,21.5,108,0
904720,10.6,3321,0
905010,10.25,297,0
905011,21.43,266,0
905013,20.93,12,0
905014,22.5,75,0
905066,34.2,127,0
905070,26,39,0
905107,14.25,63,1
905121,44,0,0
905174,11.5,4007,0
905176,26.5,22561,0
905187,7.48,6,0
905190,7.3,9,0
905256,31,49,0
905333,32,15237,1
905341,42.51,4356,0
905349,20.75,2531,0
905359,34,3493,0
905366,12.58,3729,1
905399,38,193,0
905435,41,125,0
905469,11,839,0
905477,36.53,381,0
905517,14.7,90,0
905532,15.48,144,0
905548,36,1352,0
905559,17.9,5,0
905561,38,360,1
905610,12.94,258,0
905611,10.96,202,0
905621,7,84,0
905622,8,20,0
905688,32,239,0
905699,26.83,33,0
905709,24.76,1687,0
905758,31.87,418,0
905762,35.59,5285,1
905766,15.48,2281,0
905792,40.18,3056,0
905793,42.88,1613,0
905797,45.58,2393,2
905828,41.72,6987,0
905830,17.47,256,0
905832,37,104,0
905847,34.6,834,0
905909,11,114,0
905934,4.5,95,0
906101,41.67,295,0
906187,11,916,0
906278,31.38,5775,0
906285,24.8,1727,0
906431,30.3,321,0
906465,16.25,107,0
906621,10.8,14,0
907077,34.6,1,0
907078,33.4,9,0
907161,37.2,1589,0
907164,19.91,516,2
907187,7.79,403,1
907215,17.55,2985,0
907219,14,1621,0
907240,11,1792,0
907300,17.17,539,0
907315,38,3330,0
907316,34.4,197,0
907320,34.4,28,0
907354,32.48,61,0
907373,15.4,0,0
907380,15,194,0
907381,8,202,0
907400,25,211,0
907409,22.5,7336,1
907494,41,69,0
907551,48.04,1388,1
907620,32,555,0
907621,25.7,753,0
907645,40.3,156,0
907659,31.66,1933,4
907667,21.2,1420,0
907673,48,190,0
907675,11.99,799,0
907727,25,626,0
907739,14,637,0
907740,29.5,1139,0
907741,25.61,278,0
907742,15.06,233,0
907744,33.33,2236,0
907790,21.95,5,0
907844,16.19,77,0
907848,37,156,0
907853,27.15,107,0
907907,30.75,921,0
907936,35,437,0
908004,6.1,1385,0
908007,25.5,1133,4
908045,12.65,282,0
908050,19.24,36,0
908051,48,23,0
908052,48,39,0
908071,45,1598,0
908076,37,95,0
908139,26.55,806,0
908150,11,721,0
908612,33,3319,0
908870,31.75,179,0
909006,18,372,0
909007,18,314,0
909014,11.45,2009,0
909045,24.72,1116,0
909186,33.5,2112,0
909218,9.05,123,0
909239,9.8,168,0
909246,26,523,0
909298,4.4,21,0
909299,10,460,0
909411,23.6,576,0
909433,17.11,17,0
909449,25.7,654,1
909583,38.5,17847,4
909598,31,873,0
909632,36.25,822,0
909634,6.55,1056,0
909644,40.75,1436,0
909651,12.5,1311,0
909692,16.24,604,0
909717,41.6,1045,0
909727,51,1325,0
909738,15.5,23,0
909740,33,20,0
909772,25,9,0
909828,31.8,21,0
909898,27,137,0
909911,43.7,97,0
909916,38.97,885,0
909918,35.67,0,0
909966,6,355,0
909973,33.46,6213,0
910001,10.8,95,0
910011,6,460,0
910025,29.98,148,0
910027,22.57,252,0
910065,20.5,4,0
910102,23.5,285,0
910192,20.75,559,0
910204,21,732,0
910207,20,2050,0
910273,42.35,9663,4
910277,10.3,34,0
910289,24,9184,0
910297,21.24,14528,0
910433,7.11,50,0
910445,31.5,1690,0
910454,30,283,0
910456,30.5,195,0
910462,5.15,339,0
910465,36.05,866,0
910469,16,139,3
910490,34.95,25,0
910492,32.7,262,0
910494,35,33,0
910499,30.8,1449,0
910551,30,162,0
910556,4,9,0
910557,4,6,0
910568,31.1,1468,0
910601,11,92,0
910610,35.12,149,0
910611,32,29138,0
910643,26,105,0
910797,22.5,507,0
910810,13.5,424,0
910826,11,535,0
911030,27,577,0
911064,24,126,0
911610,15.18,2348,0
911637,38.4,6133,0
912500,5.4,996,0
913803,22,1362,0
914028,27.6,557,1
914106,16.64,913,0
914626,28.5,624,0
914806,24.8,3748,3
914807,25,401,0
915009,8,57,0
915015,25.5,73,0
915016,21.46,6972,0
915039,21.6,1379,0
916902,10.9,216,0
917051,35.05,65,0
917052,13.77,46,0
917080,42.46,228,0
917088,37.29,1033,0
917091,29.88,2532,0
917092,32.23,1492,0
917093,20.42,2599,0
917096,31.96,1455,0
917106,26.4,34,0
917114,31.8,907,0
917126,11.6,444,0
917169,10.3,88,0
917188,36.4,23913,15
917209,16,50,0
917252,31,44,0
917254,37.44,18225,3
917261,12.4,285,0
917262,12.4,126,0
917288,35.5,937,1
917337,31.38,7379,0
917353,40.26,155,0
917356,10.4,50,0
917358,34.74,142,0
917395,14.18,500,0
917396,12.74,987,0
917399,14.32,1229,0
917401,13.76,21,0
917437,36.4,285,0
917501,11,991,0
917545,8.51,270,0
917574,48,9668,0
917593,42.2,829,0
917644,40,77,0
917647,41.75,2787,0
917662,23.6,1863,0
917756,15.25,567,0
917757,15.25,182,0
917878,37.5,579,0
917879,32.1,920,0
917880,34.6,5,0
917886,32.2,71,0
917904,21.5,971,1
918004,31.87,254,0
918028,31.87,58,0
918030,24.72,131,0
918050,20,35,0
918069,13,73,0
918073,31.25,1594,0
918075,16,559,0
918076,17,28,0
918077,33.46,6788,0
918096,15.6,5508,0
918140,21.5,66,1
918160,3,69,0
918165,36,90,1
918172,23.82,3374,0
918187,16.63,127,0
918202,45,3860,1
918212,13.15,858,0
918225,33.64,1338,0
918265,22.5,1064,1
918369,27,398,0
918428,12,1136,0
918449,12,768,0
918468,31.46,90,0
918515,42,104,0
918554,25,126,0
918570,40.56,40,0
918573,7.75,10,0
918584,40.5,1196,0
918663,11.5,265,0
918673,6.92,25,0
918719,9.3,0,0
918727,12.5,58,0
918728,25.55,7,0
918771,18.5,537,0
918853,2.33,34,1
918854,2.33,42,0
918866,40.5,100,0
918868,33.44,6538,6
918891,25.7,4,0
918922,21.5,222,0
920012,27.53,905,0
920077,24.3,102,1
925591,26.42,283,0
930011,32.75,21335,0
930107,1.5,341,0
930119,10,2265,0
930123,9,5326,0
930132,7.5,9158,1
930159,30,2384,1
930202,8.45,24,0
930205,4.8,83,0
930311,28.2,284,0
930322,2.35,188,0
930323,3.2,0,0
930324,3.6,83,0
930325,8.04,20,0
930334,20.55,209,0
930341,6.45,927,0
930356,1.6,876,0
930357,1.6,1039,0
930359,13,210,2
930361,12,87,1
930375,20.11,65,0
930388,1,179,0
930394,30,6082,12
930399,2.6,358,0
930419,9,307,1
930447,51.5,10796,1
930448,26.3,11739,2
930500,16.3,5,0
930513,20.7,1898,0
930536,11.5,441,0
930540,4,63,0
930576,4,11,0
930596,1.33,12,0
930597,1.33,16,0
930638,6.99,9,0
930641,3.14,15,0
930643,4.24,17,0
930646,0.3,2,0
930653,20.54,79,0
930750,15.6,1353,1
930808,1,155,0
930904,0.25,1115,0
930905,0.25,4,0
930934,21.5,29,0
930992,42,7406,0
930994,9,554,0
930995,10.51,501,0
931080,1,2036,0
931081,2,254,0
931100,20.37,2255,0
931176,0.5,51,0
931202,7,391,0
931240,30,8310,0
931323,31.14,971,0
931344,9,16139,21
931353,38.5,209,0
931358,12.5,1966,0
931362,6,17,0
931363,1,42,0
931364,1.5,4,0
931365,7.5,62,2
931367,14.37,31,0
931368,12.54,257,0
931369,38.32,485,0
931370,13.59,103,0
931371,34.8,971,0
931372,14.85,1019,0
931373,36.93,109,0
931376,40.2,1464,1
931377,37.2,73,0
931378,17.6,62,0
931379,6.92,258,0
931381,26,5,0
931382,12.11,29,0
931383,9.46,116,0
931384,4.71,11,0
931385,9,6507,0
931404,6.5,5150,0
931409,5,39,0
931416,0.28,282,0
931419,0.28,183,0
931427,7,180,0
931428,38,101048,35
931474,13,2106,0
931475,24,1996,0
931477,9,5513,1
931516,16.3,1281,0
931530,14.67,27,0
931535,15.13,175,0
931556,21.4,10,0
931561,25.05,2773,0
931584,13.14,832,0
931594,47.6,30688,13
931608,56.7,16598,3
931609,22.03,1662,0
931627,47.69,11948,6
931630,14.29,1546,0
939001,10.7,3017,9
939005,51,162,0
939050,39.5,5986,0
939060,45.75,13535,5
939999,0.1,0,0
940019,11,160,0
940031,43,1493,0
940033,34.64,1585,0
940034,51.33,349,1
940036,50.9,1437,0
940049,10.3,51,0
940060,32.2,388,1
940098,37.5,3565,0
940405,31.4,1856,0
940419,32.1,4446,0
940420,32.1,794,0
940423,7.5,150,0
940505,31.8,0,0
940788,59.4,2512,0
940815,50.98,2780,2
940817,50.38,898,0
940930,19.54,260,0
940931,17.5,602,0
941003,31.7,560,0
941004,33.9,7840,0
941013,30.5,994,0
941015,30.5,1683,0
941016,30.5,1031,0
941017,30.5,2758,0
941018,30.5,245,0
941020,31.32,93,0
941112,1.2,0,0
941113,36,1949,0
941157,1.2,0,0
941160,41.9,3921,0
941161,1.14,0,0
941162,22.8,13,0
941165,1.3,0,0
941168,44,211,0
941193,1.1,0,0
941195,43,1044,0
941196,1.1,0,0
941197,43,445,0
941199,1.16,0,0
941200,1.18,0,0
941202,47.2,99,0
941203,1.16,0,0
941204,46.4,67,0
941206,1.16,0,0
941208,46.3,105,0
941213,1.1,0,0
941216,42,1254,0
941217,1.39,0,0
941219,45,1600,1
941220,1.27,0,0
941221,50.9,182,0
941224,1.34,0,0
941225,53.7,799,0
941226,1.1,0,0
941227,40,1933,0
941236,1.16,0,0
941239,34,17,0
941241,46.3,521,0
941242,1.17,0,0
941245,35,628,0
941246,45,10033,0
941257,1.13,0,0
941260,45,2924,0
941271,1.17,0,0
941273,35,605,0
941282,1.2,0,0
941285,48.1,1391,1
941289,1.26,0,0
941290,35.2,540,0
941291,1.16,0,0
941293,27.8,217,0
941294,1.2,0,0
941297,53.5,356,0
941334,1.08,0,0
941335,43,763,0
941336,46.3,359,0
941343,1.1,0,0
941347,1.23,0,0
941348,42,406,1
941422,44,3323,0
941466,1,0,0
941467,41,525,0
941692,1.03,0,0
941693,31.8,226,0
941704,34,960,0
941718,37,489,0
941725,22,440,0
941839,1.07,0,0
941840,48,553,0
941889,1.05,0,0
941890,63,1032,0
941926,29,187,0
942062,18.5,765,0
942099,20,1140,1
942110,34.56,5615,0
942119,15.75,596,1
942184,34.56,3203,2
942274,29,2492,0
942281,35.5,834,0
942315,1.08,0,0
942317,44,408,0
942332,13.5,712,0
942399,13.38,4899,2
942408,16.94,1143,0
942409,16.94,3592,1
942516,19,1686,0
942571,1.01,0,0
942572,42,1669,1
942604,1.07,0,0
942611,38,1665,0
942685,18,735,0
942690,33.9,206,0
942736,34.4,12,0
942852,16,222,0
942872,1.01,0,0
942873,43,639,0
942875,14.4,1292,0
942887,30.5,412,0
942903,1.05,16,0
942931,34,16,0
943017,43.8,80,0
943018,53.9,55,0
943019,54.2,90,0
943020,21.98,50,0
943023,27.79,55,0
943024,54.7,25,0
943038,25,1046,1
943039,53.6,1800,0
943046,58.1,2684,0
943049,11.29,810,0
943050,37,144,0
943061,52.25,992,1
943065,12.9,481,0
943074,20,57,0
943076,44.9,2122,0
943077,11.75,28,0
943079,36.25,23,0
943087,17.15,44,0
943090,41.2,177,0
943115,15,605,1
943150,9.5,179,0
943159,38.2,604,1
943160,38.2,11,0
943198,16.5,199,0
943199,17.1,60,0
943200,16.5,335,0
943220,23,27,0
943239,56.41,1056,1
943240,53.8,540,0
943244,55.2,395,0
943245,4,3,0
943246,3.7,286,0
943247,1.5,227,0
943274,36.37,503,0
943280,29.3,0,0
943281,18.9,1,0
943289,7.01,1524,0
943292,31.66,0,0
943306,4.56,499,0
943307,25.8,1206,17
943316,40.4,65,0
943355,33.3,21,0
943366,39.4,638,0
943371,24.5,127,1
943417,24.92,192,2
943418,4.86,106,0
943454,42,784,0
943458,12.2,834,0
943460,36.72,274,0
943461,26,129,0
943551,45,2323,0
943556,10,84,0
943568,17.95,1855,0
943569,42.1,1479,0
943603,14.86,766,0
943614,12,142,0
943637,39.9,324,0
943681,17,6,0
943689,28,40,0
943698,6,22,0
943699,30,433,0
943704,52.25,330,0
943708,20,19,0
943763,0.7,12,0
943764,0.7,11,0
943785,30,10,0
943801,14.08,114,0
943810,29,4898,0
943834,39.8,261,0
943852,27.2,1125,0
943853,33.05,741,3
943878,54,238,0
943913,2.43,728,0
943916,37,177,0
943927,30.5,1896,1
943947,21.4,90,0
943976,35.6,15,0
943978,22.7,273,0
943986,37,432,0
943997,0.1,842256,0
943999,1,191,0
944027,19,554,0
944052,26.81,60,0
944060,5.56,36,0
944063,49,1361,0
944068,10.4,45,0
944069,25.5,336,0
944070,31.5,335,0
944090,30,393,0
944102,9,30,0
944103,8,32,0
944135,8.93,68,0
944136,21.41,164,0
944137,8.93,139,0
944145,20,1,0
944175,18.4,109,0
944178,48.64,4378,2
944210,13.46,179,0
944218,5.76,49,0
944220,9.46,59,0
944221,42,145,0
944245,17,289,0
944248,7.9,1138,0
944269,40,349,0
944281,24.2,1484,0
944282,10.49,1427,0
944454,51.3,576,0
944455,37,60,0
944456,3.56,78,0
944464,37,55,0
944470,25.34,1260,0
944471,15.1,19,0
944472,22.7,21,0
944480,15.5,72,0
944481,15.1,6,0
944482,14.81,48,0
944485,22,126,0
944487,37,24,0
944488,5.1,162,0
944489,12.1,330,0
944491,37,42,0
944542,55.28,1000,0
944548,8.6,324,0
944553,12.5,428,0
944591,41,441,4
944608,22.5,1246,0
944612,52,16827,0
944619,55.28,350,0
944748,33.5,280,0
944752,5.47,40,0
944764,2.7,25,0
944765,35.88,134,0
944776,3.77,67,0
944785,45,1861,1
944803,55.56,5448,0
944804,44.01,2400,0
944805,55.53,2446,0
944814,8,341,0
944925,11.9,2081,0
944929,15.9,53,0
944941,11.64,572,0
944943,40.59,64,0
944945,30.87,91,0
944953,15.1,1520,0
945032,5.4,306,0
945093,8,583,0
945111,6,20,0
945119,12,337,0
945132,32,307,0
945137,15.37,562,0
945148,3.1,6,0
945153,8,423,0
945157,22.02,750,0
945185,9.97,750,0
945264,29,64,0
945274,16.53,3,0
945280,43,659,7
945304,14,433,0
945354,24.17,24,0
945355,13.03,36,0
945359,9.44,131,0
945362,12.09,24,0
945373,7,52,0
945376,16.3,356,0
945377,12,178,0
945381,26.8,102,0
945382,10.28,326,0
945384,7.66,291,0
945385,14.7,9,0
945392,34,378,0
945415,13.6,605,0
945423,20.9,140,2
945424,11.1,283,0
945425,37.7,490,0
945426,19.5,5153,0
945472,16.94,240,0
945488,35.1,2281,0
945489,5.47,330,0
945490,35,2134,0
945491,35,1114,0
945492,11.37,50,0
945493,7.29,46,0
945503,23.5,598,1
945506,22.13,493,0
945517,14.5,4,0
945547,40.8,1022,3
945548,28,733,0
945552,11,17,0
945572,7,104,0
945578,13.62,145,0
945603,25.6,3457,0
945663,11,19,0
945711,18.24,6,0
945712,17.56,149,0
945713,17.56,91,0
945714,17.56,155,0
945715,17.56,65,0
945716,17.56,93,0
945717,17.56,145,0
945718,17.56,117,0
945728,17,306,0
945736,24,67,0
945740,6,13,0
945755,19,8,0
945772,13,200,0
945781,19,5,0
945783,36.52,9197,13
945832,20.2,29,0
945844,42,212,0
945845,9.35,902,0
945854,36.36,16,0
945859,8.88,139,0
945866,8.25,174,0
945869,27.31,981,0
945875,21.67,269,1
945911,3.2,30,0
945940,39,341,0
945942,17,29,0
945953,25.5,1088,14
945954,50.5,3784,0
945982,37,113,1
945984,27.81,800,0
945985,26.64,100,0
945992,16.77,79,0
945994,14.24,318,0
946022,2.5,250,0
946071,12.58,1872,0
946093,28.19,19,0
946095,22.13,30,0
946153,23.8,53,0
946170,9.91,25,0
946188,22.6,28,0
946241,32,128,2
946280,7.5,7,0
946320,23.75,20,0
946350,8.4,3,0
946360,24.75,120,0
946368,11.4,680,0
946369,12.1,928,1
946370,11.4,293,0
946371,12.1,285,0
946372,13.2,291,0
946373,10.6,40,0
946374,10.6,13,0
946375,13.2,1086,0
946376,32.01,2489,10
947007,34.24,524,0
947033,21,10,0
947043,25.5,2029,0
947054,42,9808,1
947055,10.39,211,0
947068,19.14,303,0
947113,12.75,216,0
947127,50.97,2449,4
947177,12.75,5258,0
947181,0.24,40,0
947236,28,0,0
947238,16,0,0
947291,17.32,156,0
948010,1.07,0,0
948011,50.7,550,0
948012,1.07,0,0
948013,51.1,3926,2
948016,1.07,0,0
948017,44.09,3719,0
948020,1.07,0,0
948042,58.16,570,0
948059,1.02,0,0
948060,55,5569,0
948098,30.5,31,0
948105,14,919,0
948109,8.89,1283,0
948126,34.56,422,0
948131,10,0,0
948136,1.02,0,0
948138,1.02,0,0
948145,34.56,58,0
948179,28.61,469,0
948183,33,1784,0
948204,17.3,1739,0
948205,17.16,416,0
948211,23,38,0
948230,6.6,247,0
948254,21,646,0
948667,28.6,1729,0
948722,43.5,785,0
948729,33,1247,0
948747,1.01,0,0
948756,32,9649,3
948818,42.43,960,0
948845,32,3050,0
948848,13,1152,0
948876,26,32,0
948894,19,1294,0
948907,33.9,395,0
948918,35,2587,1
948922,12,299,0
948947,22,1080,0
948953,50.8,329,0
948964,15.88,893,0
949074,12,3198,1
949129,53,1094,0
949152,1.05,0,0
949161,26.25,3182,0
949182,33.47,1809,1
949192,6.7,571,0
949201,15.73,327,0
949363,10.5,55,0
949374,15.73,597,0
949385,34,843,0
950873,5.82,119,0
978593,4.5,9,0
980045,17.1,15,0
980066,52.55,476,0
980147,6,15,0
981327,14,19,0
981904,46.2,2,0
982010,14.43,774,0
982469,32.25,13,0
984547,11.5,111,0
985306,31.55,324,0
986413,6.1,9,0
988564,14,37,0
